row_number,timestamp,datetime,voltage_v_0x40,current_a_0x40,power_w_0x40,shunt_mv_0x40,energy_j_0x40,voltage_v_0x41,current_a_0x41,power_w_0x41,shunt_mv_0x41,energy_j_0x41,voltage_v_0x44,current_a_0x44,power_w_0x44,shunt_mv_0x44,energy_j_0x44,voltage_v_0x45,current_a_0x45,power_w_0x45,shunt_mv_0x45,energy_j_0x45,total_power_w,total_energy_j
idle,1783317851.923855,2026-07-06T13:04:11.923855,5.09713,0.58644,2.98918,5.98000,0.00003,5.07420,0.59035,2.99555,6.00000,0.00003,0.00000,0.00000,0.00000,0.00000,0.00000,0.00000,0.00000,0.00000,0.00000,0.00000,5.98473,0.00006
idle,1783317852.423909,2026-07-06T13:04:12.423909,5.09318,0.58547,2.98189,5.97000,1.49114,5.07820,0.59035,2.99791,6.00000,1.49915,0.00000,0.00000,0.00000,0.00000,0.00000,0.00000,0.00000,0.00000,0.00000,0.00000,5.97980,2.99029
idle,1783317852.923962,2026-07-06T13:04:12.923962,5.09713,0.58644,2.98918,5.98000,2.98589,5.07420,0.59035,2.99555,6.00000,2.99708,0.00000,0.00000,0.00000,0.00000,0.00000,0.00000,0.00000,0.00000,0.00000,0.00000,5.98473,5.98297
idle,1783317853.424015,2026-07-06T13:04:13.424015,5.09718,0.58547,2.98423,5.97000,4.47816,5.07820,0.59035,2.99791,6.00000,4.49620,0.00000,0.00000,0.00000,0.00000,0.00000,0.00000,0.00000,0.00000,0.00000,0.00000,5.98214,8.97436
idle,1783317853.924068,2026-07-06T13:04:13.924068,5.09718,0.58547,2.98423,5.97000,5.97043,5.07820,0.59035,2.99791,6.00000,5.99531,0.00000,0.00000,0.00000,0.00000,0.00000,0.00000,0.00000,0.00000,0.00000,0.00000,5.98214,11.96574
idle,1783317854.424122,2026-07-06T13:04:14.424122,5.09718,0.58547,2.98423,5.97000,7.46271,5.07420,0.59035,2.99555,6.00000,7.49325,0.00000,0.00000,0.00000,0.00000,0.00000,0.00000,0.00000,0.00000,0.00000,0.00000,5.97978,14.95596
idle,1783317854.924175,2026-07-06T13:04:14.924175,5.09724,0.58449,2.97929,5.96000,8.95251,5.07420,0.59035,2.99555,6.00000,8.99118,0.00000,0.00000,0.00000,0.00000,0.00000,0.00000,0.00000,0.00000,0.00000,0.00000,5.97484,17.94369
idle,1783317855.424229,2026-07-06T13:04:15.424229,5.09724,0.58449,2.97929,5.96000,10.44232,5.07420,0.59035,2.99555,6.00000,10.48912,0.00000,0.00000,0.00000,0.00000,0.00000,0.00000,0.00000,0.00000,0.00000,0.00000,5.97484,20.93144
idle,1783317855.924283,2026-07-06T13:04:15.924283,5.09724,0.58449,2.97929,5.96000,11.93212,5.07420,0.59035,2.99555,6.00000,11.98705,0.00000,0.00000,0.00000,0.00000,0.00000,0.00000,0.00000,0.00000,0.00000,0.00000,5.97484,23.91918
idle,1783317856.424336,2026-07-06T13:04:16.424336,5.09718,0.58547,2.98423,5.97000,13.42440,5.07820,0.59035,2.99791,6.00000,13.48617,0.00000,0.00000,0.00000,0.00000,0.00000,0.00000,0.00000,0.00000,0.00000,0.00000,5.98214,26.91057
idle,1783317856.924389,2026-07-06T13:04:16.924389,5.09724,0.58449,2.97929,5.96000,14.91420,5.07824,0.58937,2.99298,5.99000,14.98282,0.00000,0.00000,0.00000,0.00000,0.00000,0.00000,0.00000,0.00000,0.00000,0.00000,5.97227,29.89702
idle,1783317857.424443,2026-07-06T13:04:17.424443,5.09724,0.58449,2.97929,5.96000,16.40401,5.07020,0.59035,2.99319,6.00000,16.47958,0.00000,0.00000,0.00000,0.00000,0.00000,0.00000,0.00000,0.00000,0.00000,0.00000,5.97248,32.88358
idle,1783317857.924497,2026-07-06T13:04:17.924497,5.09729,0.58351,2.97434,5.95000,17.89134,5.08220,0.59035,3.00028,6.00000,17.97988,0.00000,0.00000,0.00000,0.00000,0.00000,0.00000,0.00000,0.00000,0.00000,0.00000,5.97462,35.87121
idle,1783317858.424549,2026-07-06T13:04:18.424549,5.09729,0.58351,2.97434,5.95000,19.37866,5.08220,0.59035,3.00028,6.00000,19.48017,0.00000,0.00000,0.00000,0.00000,0.00000,0.00000,0.00000,0.00000,0.00000,0.00000,5.97462,38.85883
idle,1783317858.924604,2026-07-06T13:04:18.924604,5.09729,0.58351,2.97434,5.95000,20.86599,5.07820,0.59035,2.99791,6.00000,20.97929,0.00000,0.00000,0.00000,0.00000,0.00000,0.00000,0.00000,0.00000,0.00000,0.00000,5.97225,41.84528
idle,1783317859.424656,2026-07-06T13:04:19.424656,5.09729,0.58351,2.97434,5.95000,22.35332,5.07420,0.59035,2.99555,6.00000,22.47722,0.00000,0.00000,0.00000,0.00000,0.00000,0.00000,0.00000,0.00000,0.00000,0.00000,5.96989,44.83054
idle,1783317859.924711,2026-07-06T13:04:19.924711,5.09729,0.58351,2.97434,5.95000,23.84065,5.07020,0.59035,2.99319,6.00000,23.97398,0.00000,0.00000,0.00000,0.00000,0.00000,0.00000,0.00000,0.00000,0.00000,0.00000,5.96753,47.81463
idle,1783317860.424763,2026-07-06T13:04:20.424763,5.09729,0.58351,2.97434,5.95000,25.32798,5.07824,0.58937,2.99298,5.99000,25.47063,0.00000,0.00000,0.00000,0.00000,0.00000,0.00000,0.00000,0.00000,0.00000,0.00000,5.96732,50.79861
idle,1783317860.924818,2026-07-06T13:04:20.924818,5.09729,0.58351,2.97434,5.95000,26.81531,5.07820,0.59035,2.99791,6.00000,26.96975,0.00000,0.00000,0.00000,0.00000,0.00000,0.00000,0.00000,0.00000,0.00000,0.00000,5.97225,53.78506
idle,1783317861.424871,2026-07-06T13:04:21.424871,5.09729,0.58351,2.97434,5.95000,28.30264,5.07820,0.59035,2.99791,6.00000,28.46886,0.00000,0.00000,0.00000,0.00000,0.00000,0.00000,0.00000,0.00000,0.00000,0.00000,5.97225,56.77150
idle,1783317861.924925,2026-07-06T13:04:21.924925,5.09729,0.58351,2.97434,5.95000,29.78997,5.07824,0.58937,2.99298,5.99000,29.96551,0.00000,0.00000,0.00000,0.00000,0.00000,0.00000,0.00000,0.00000,0.00000,0.00000,5.96732,59.75548
idle,1783317862.424978,2026-07-06T13:04:22.424978,5.09729,0.58351,2.97434,5.95000,31.27730,5.07824,0.58937,2.99298,5.99000,31.46216,0.00000,0.00000,0.00000,0.00000,0.00000,0.00000,0.00000,0.00000,0.00000,0.00000,5.96732,62.73946
idle,1783317862.925032,2026-07-06T13:04:22.925032,5.09734,0.58254,2.96939,5.94000,32.76215,5.07824,0.58937,2.99298,5.99000,32.95881,0.00000,0.00000,0.00000,0.00000,0.00000,0.00000,0.00000,0.00000,0.00000,0.00000,5.96237,65.72097
idle,1783317863.425086,2026-07-06T13:04:23.425086,5.09734,0.58254,2.96939,5.94000,34.24701,5.07820,0.59035,2.99791,6.00000,34.45793,0.00000,0.00000,0.00000,0.00000,0.00000,0.00000,0.00000,0.00000,0.00000,0.00000,5.96730,68.70493
idle,1783317863.925139,2026-07-06T13:04:23.925139,5.09734,0.58254,2.96939,5.94000,35.73186,5.07420,0.59035,2.99555,6.00000,35.95587,0.00000,0.00000,0.00000,0.00000,0.00000,0.00000,0.00000,0.00000,0.00000,0.00000,5.96494,71.68773
idle,1783317864.425193,2026-07-06T13:04:24.425193,5.09734,0.58254,2.96939,5.94000,37.21671,5.07824,0.58937,2.99298,5.99000,37.45251,0.00000,0.00000,0.00000,0.00000,0.00000,0.00000,0.00000,0.00000,0.00000,0.00000,5.96237,74.66923
idle,1783317864.925246,2026-07-06T13:04:24.925246,5.09734,0.58254,2.96939,5.94000,38.70157,5.07824,0.58937,2.99298,5.99000,38.94916,0.00000,0.00000,0.00000,0.00000,0.00000,0.00000,0.00000,0.00000,0.00000,0.00000,5.96237,77.65073
idle,1783317865.425300,2026-07-06T13:04:25.425300,5.09734,0.58254,2.96939,5.94000,40.18642,5.07424,0.58937,2.99062,5.99000,40.44464,0.00000,0.00000,0.00000,0.00000,0.00000,0.00000,0.00000,0.00000,0.00000,0.00000,5.96001,80.63106
idle,1783317865.925353,2026-07-06T13:04:25.925353,5.09729,0.58351,2.97434,5.95000,41.67375,5.07820,0.59035,2.99791,6.00000,41.94375,0.00000,0.00000,0.00000,0.00000,0.00000,0.00000,0.00000,0.00000,0.00000,0.00000,5.97225,83.61750
idle,1783317866.425407,2026-07-06T13:04:26.425407,5.09734,0.58254,2.96939,5.94000,43.15860,5.07420,0.59035,2.99555,6.00000,43.44169,0.00000,0.00000,0.00000,0.00000,0.00000,0.00000,0.00000,0.00000,0.00000,0.00000,5.96494,86.60029
idle,1783317866.925460,2026-07-06T13:04:26.925460,5.09734,0.58254,2.96939,5.94000,44.64346,5.07824,0.58937,2.99298,5.99000,44.93834,0.00000,0.00000,0.00000,0.00000,0.00000,0.00000,0.00000,0.00000,0.00000,0.00000,5.96237,89.58180
idle,1783317867.425514,2026-07-06T13:04:27.425514,5.09734,0.58254,2.96939,5.94000,46.12831,5.07820,0.59035,2.99791,6.00000,46.43745,0.00000,0.00000,0.00000,0.00000,0.00000,0.00000,0.00000,0.00000,0.00000,0.00000,5.96730,92.56576
idle,1783317867.925567,2026-07-06T13:04:27.925567,5.09740,0.58156,2.96445,5.93000,47.61069,5.08220,0.59035,3.00028,6.00000,47.93775,0.00000,0.00000,0.00000,0.00000,0.00000,0.00000,0.00000,0.00000,0.00000,0.00000,5.96473,95.54844
idle,1783317868.425621,2026-07-06T13:04:28.425621,5.09740,0.58156,2.96445,5.93000,49.09308,5.07820,0.59035,2.99791,6.00000,49.43687,0.00000,0.00000,0.00000,0.00000,0.00000,0.00000,0.00000,0.00000,0.00000,0.00000,5.96236,98.52995
idle,1783317868.925673,2026-07-06T13:04:28.925673,5.09740,0.58156,2.96445,5.93000,50.57546,5.08224,0.58937,2.99534,5.99000,50.93469,0.00000,0.00000,0.00000,0.00000,0.00000,0.00000,0.00000,0.00000,0.00000,0.00000,5.95979,101.51016
idle,1783317869.425728,2026-07-06T13:04:29.425728,5.09740,0.58156,2.96445,5.93000,52.05785,5.08220,0.59035,3.00028,6.00000,52.43500,0.00000,0.00000,0.00000,0.00000,0.00000,0.00000,0.00000,0.00000,0.00000,0.00000,5.96473,104.49285
idle,1783317869.925782,2026-07-06T13:04:29.925782,5.09740,0.58156,2.96445,5.93000,53.54023,5.07420,0.59035,2.99555,6.00000,53.93294,0.00000,0.00000,0.00000,0.00000,0.00000,0.00000,0.00000,0.00000,0.00000,0.00000,5.96000,107.47317
idle,1783317870.425837,2026-07-06T13:04:30.425837,5.09740,0.58156,2.96445,5.93000,55.02262,5.07824,0.58937,2.99298,5.99000,55.42959,0.00000,0.00000,0.00000,0.00000,0.00000,0.00000,0.00000,0.00000,0.00000,0.00000,5.95743,110.45221
idle,1783317870.925891,2026-07-06T13:04:30.925891,5.09740,0.58156,2.96445,5.93000,56.50501,5.08220,0.59035,3.00028,6.00000,56.92989,0.00000,0.00000,0.00000,0.00000,0.00000,0.00000,0.00000,0.00000,0.00000,0.00000,5.96473,113.43490
idle,1783317871.425942,2026-07-06T13:04:31.425942,5.09740,0.58156,2.96445,5.93000,57.98738,5.07824,0.58937,2.99298,5.99000,58.42654,0.00000,0.00000,0.00000,0.00000,0.00000,0.00000,0.00000,0.00000,0.00000,0.00000,5.95743,116.41392
idle,1783317871.925996,2026-07-06T13:04:31.925996,5.09740,0.58156,2.96445,5.93000,59.46977,5.07824,0.58937,2.99298,5.99000,59.92319,0.00000,0.00000,0.00000,0.00000,0.00000,0.00000,0.00000,0.00000,0.00000,0.00000,5.95743,119.39296
idle,1783317872.426049,2026-07-06T13:04:32.426049,5.09740,0.58156,2.96445,5.93000,60.95215,5.07824,0.58937,2.99298,5.99000,61.41983,0.00000,0.00000,0.00000,0.00000,0.00000,0.00000,0.00000,0.00000,0.00000,0.00000,5.95743,122.37198
idle,1783317872.926104,2026-07-06T13:04:32.926104,5.09740,0.58156,2.96445,5.93000,62.43454,5.08224,0.58937,2.99534,5.99000,62.91767,0.00000,0.00000,0.00000,0.00000,0.00000,0.00000,0.00000,0.00000,0.00000,0.00000,5.95979,125.35221
idle,1783317873.426157,2026-07-06T13:04:33.426157,5.09745,0.58058,2.95950,5.92000,63.91444,5.07824,0.58937,2.99298,5.99000,64.41432,0.00000,0.00000,0.00000,0.00000,0.00000,0.00000,0.00000,0.00000,0.00000,0.00000,5.95248,128.32876
idle,1783317873.926210,2026-07-06T13:04:33.926210,5.09745,0.58058,2.95950,5.92000,65.39435,5.07824,0.58937,2.99298,5.99000,65.91097,0.00000,0.00000,0.00000,0.00000,0.00000,0.00000,0.00000,0.00000,0.00000,0.00000,5.95248,131.30532
idle,1783317874.426263,2026-07-06T13:04:34.426263,5.09745,0.58058,2.95950,5.92000,66.87426,5.07420,0.59035,2.99555,6.00000,67.40890,0.00000,0.00000,0.00000,0.00000,0.00000,0.00000,0.00000,0.00000,0.00000,0.00000,5.95505,134.28316
idle,1783317874.926316,2026-07-06T13:04:34.926316,5.09745,0.58058,2.95950,5.92000,68.35417,5.08224,0.58937,2.99534,5.99000,68.90673,0.00000,0.00000,0.00000,0.00000,0.00000,0.00000,0.00000,0.00000,0.00000,0.00000,5.95484,137.26090
idle,1783317875.426370,2026-07-06T13:04:35.426370,5.09745,0.58058,2.95950,5.92000,69.83407,5.07820,0.59035,2.99791,6.00000,70.40585,0.00000,0.00000,0.00000,0.00000,0.00000,0.00000,0.00000,0.00000,0.00000,0.00000,5.95741,140.23992
idle,1783317875.926424,2026-07-06T13:04:35.926424,5.09745,0.58058,2.95950,5.92000,71.31398,5.07424,0.58937,2.99062,5.99000,71.90132,0.00000,0.00000,0.00000,0.00000,0.00000,0.00000,0.00000,0.00000,0.00000,0.00000,5.95012,143.21530
idle,1783317876.426478,2026-07-06T13:04:36.426478,5.09745,0.58058,2.95950,5.92000,72.79389,5.07820,0.59035,2.99791,6.00000,73.40043,0.00000,0.00000,0.00000,0.00000,0.00000,0.00000,0.00000,0.00000,0.00000,0.00000,5.95741,146.19433
idle,1783317876.926531,2026-07-06T13:04:36.926531,5.09745,0.58058,2.95950,5.92000,74.27380,5.07824,0.58937,2.99298,5.99000,74.89708,0.00000,0.00000,0.00000,0.00000,0.00000,0.00000,0.00000,0.00000,0.00000,0.00000,5.95248,149.17088
idle,1783317877.426584,2026-07-06T13:04:37.426584,5.09745,0.58058,2.95950,5.92000,75.75371,5.07824,0.58937,2.99298,5.99000,76.39373,0.00000,0.00000,0.00000,0.00000,0.00000,0.00000,0.00000,0.00000,0.00000,0.00000,5.95248,152.14744
idle,1783317877.926637,2026-07-06T13:04:37.926637,5.09745,0.58058,2.95950,5.92000,77.23362,5.07824,0.58937,2.99298,5.99000,77.89038,0.00000,0.00000,0.00000,0.00000,0.00000,0.00000,0.00000,0.00000,0.00000,0.00000,5.95248,155.12400
idle,1783317878.426691,2026-07-06T13:04:38.426691,5.09745,0.58058,2.95950,5.92000,78.71352,5.07824,0.58937,2.99298,5.99000,79.38703,0.00000,0.00000,0.00000,0.00000,0.00000,0.00000,0.00000,0.00000,0.00000,0.00000,5.95248,158.10056
idle,1783317878.926744,2026-07-06T13:04:38.926744,5.09745,0.58058,2.95950,5.92000,80.19343,5.07824,0.58937,2.99298,5.99000,80.88368,0.00000,0.00000,0.00000,0.00000,0.00000,0.00000,0.00000,0.00000,0.00000,0.00000,5.95248,161.07711
idle,1783317879.426798,2026-07-06T13:04:39.426798,5.09745,0.58058,2.95950,5.92000,81.67334,5.07424,0.58937,2.99062,5.99000,82.37915,0.00000,0.00000,0.00000,0.00000,0.00000,0.00000,0.00000,0.00000,0.00000,0.00000,5.95012,164.05250
idle,1783317879.926851,2026-07-06T13:04:39.926851,5.09745,0.58058,2.95950,5.92000,83.15325,5.08224,0.58937,2.99534,5.99000,83.87698,0.00000,0.00000,0.00000,0.00000,0.00000,0.00000,0.00000,0.00000,0.00000,0.00000,5.95484,167.03023
idle,1783317880.426905,2026-07-06T13:04:40.426905,5.09745,0.58058,2.95950,5.92000,84.63316,5.07824,0.58937,2.99298,5.99000,85.37363,0.00000,0.00000,0.00000,0.00000,0.00000,0.00000,0.00000,0.00000,0.00000,0.00000,5.95248,170.00679
idle,1783317880.926958,2026-07-06T13:04:40.926958,5.09750,0.57961,2.95455,5.91000,86.11059,5.07824,0.58937,2.99298,5.99000,86.87028,0.00000,0.00000,0.00000,0.00000,0.00000,0.00000,0.00000,0.00000,0.00000,0.00000,5.94753,172.98087
idle,1783317881.427012,2026-07-06T13:04:41.427012,5.09750,0.57961,2.95455,5.91000,87.58802,5.07824,0.58937,2.99298,5.99000,88.36693,0.00000,0.00000,0.00000,0.00000,0.00000,0.00000,0.00000,0.00000,0.00000,0.00000,5.94753,175.95496
idle,1783317881.927065,2026-07-06T13:04:41.927065,5.09750,0.57961,2.95455,5.91000,89.06545,5.07824,0.58937,2.99298,5.99000,89.86358,0.00000,0.00000,0.00000,0.00000,0.00000,0.00000,0.00000,0.00000,0.00000,0.00000,5.94753,178.92904
idle,1783317882.427119,2026-07-06T13:04:42.427119,5.09750,0.57961,2.95455,5.91000,90.54289,5.07824,0.58937,2.99298,5.99000,91.36023,0.00000,0.00000,0.00000,0.00000,0.00000,0.00000,0.00000,0.00000,0.00000,0.00000,5.94753,181.90312
idle,1783317882.927173,2026-07-06T13:04:42.927173,5.09750,0.57961,2.95455,5.91000,92.02032,5.07824,0.58937,2.99298,5.99000,92.85688,0.00000,0.00000,0.00000,0.00000,0.00000,0.00000,0.00000,0.00000,0.00000,0.00000,5.94753,184.87721
idle,1783317883.427226,2026-07-06T13:04:43.427226,5.09750,0.57961,2.95455,5.91000,93.49776,5.07424,0.58937,2.99062,5.99000,94.35235,0.00000,0.00000,0.00000,0.00000,0.00000,0.00000,0.00000,0.00000,0.00000,0.00000,5.94517,187.85011
idle,1783317883.927279,2026-07-06T13:04:43.927279,5.09750,0.57961,2.95455,5.91000,94.97519,5.07420,0.59035,2.99555,6.00000,95.85029,0.00000,0.00000,0.00000,0.00000,0.00000,0.00000,0.00000,0.00000,0.00000,0.00000,5.95010,190.82548
idle,1783317884.427332,2026-07-06T13:04:44.427332,5.09750,0.57961,2.95455,5.91000,96.45262,5.08224,0.58937,2.99534,5.99000,97.34812,0.00000,0.00000,0.00000,0.00000,0.00000,0.00000,0.00000,0.00000,0.00000,0.00000,5.94989,193.80074
idle,1783317884.927387,2026-07-06T13:04:44.927387,5.09750,0.57961,2.95455,5.91000,97.93006,5.07824,0.58937,2.99298,5.99000,98.84477,0.00000,0.00000,0.00000,0.00000,0.00000,0.00000,0.00000,0.00000,0.00000,0.00000,5.94753,196.77482
idle,1783317885.427440,2026-07-06T13:04:45.427440,5.09756,0.57863,2.94960,5.90000,99.40501,5.07824,0.58937,2.99298,5.99000,100.34142,0.00000,0.00000,0.00000,0.00000,0.00000,0.00000,0.00000,0.00000,0.00000,0.00000,5.94258,199.74643
idle,1783317885.927494,2026-07-06T13:04:45.927494,5.09750,0.57961,2.95455,5.91000,100.88245,5.07824,0.58937,2.99298,5.99000,101.83807,0.00000,0.00000,0.00000,0.00000,0.00000,0.00000,0.00000,0.00000,0.00000,0.00000,5.94753,202.72052
idle,1783317886.427547,2026-07-06T13:04:46.427547,5.09761,0.57765,2.94466,5.89000,102.35494,5.08224,0.58937,2.99534,5.99000,103.33590,0.00000,0.00000,0.00000,0.00000,0.00000,0.00000,0.00000,0.00000,0.00000,0.00000,5.94000,205.69084
idle,1783317886.927601,2026-07-06T13:04:46.927601,5.09756,0.57863,2.94960,5.90000,103.82989,5.07820,0.59035,2.99791,6.00000,104.83502,0.00000,0.00000,0.00000,0.00000,0.00000,0.00000,0.00000,0.00000,0.00000,0.00000,5.94751,208.66491
idle,1783317887.427655,2026-07-06T13:04:47.427655,5.09756,0.57863,2.94960,5.90000,105.30485,5.07820,0.59035,2.99791,6.00000,106.33413,0.00000,0.00000,0.00000,0.00000,0.00000,0.00000,0.00000,0.00000,0.00000,0.00000,5.94751,211.63899
idle,1783317887.927710,2026-07-06T13:04:47.927710,5.09756,0.57863,2.94960,5.90000,106.77982,5.08220,0.59035,3.00028,6.00000,107.83444,0.00000,0.00000,0.00000,0.00000,0.00000,0.00000,0.00000,0.00000,0.00000,0.00000,5.94988,214.61425
idle,1783317888.427770,2026-07-06T13:04:48.427770,5.09756,0.57863,2.94960,5.90000,108.25479,5.07824,0.58937,2.99298,5.99000,109.33111,0.00000,0.00000,0.00000,0.00000,0.00000,0.00000,0.00000,0.00000,0.00000,0.00000,5.94258,217.58590
idle,1783317888.927824,2026-07-06T13:04:48.927824,5.09756,0.57863,2.94960,5.90000,109.72975,5.08224,0.58937,2.99534,5.99000,110.82894,0.00000,0.00000,0.00000,0.00000,0.00000,0.00000,0.00000,0.00000,0.00000,0.00000,5.94494,220.55869
idle,1783317889.427878,2026-07-06T13:04:49.427878,5.09756,0.57863,2.94960,5.90000,111.20471,5.08224,0.58937,2.99534,5.99000,112.32677,0.00000,0.00000,0.00000,0.00000,0.00000,0.00000,0.00000,0.00000,0.00000,0.00000,5.94494,223.53148
idle,1783317889.927931,2026-07-06T13:04:49.927931,5.09756,0.57863,2.94960,5.90000,112.67967,5.07824,0.58937,2.99298,5.99000,113.82342,0.00000,0.00000,0.00000,0.00000,0.00000,0.00000,0.00000,0.00000,0.00000,0.00000,5.94258,226.50309
idle,1783317890.427985,2026-07-06T13:04:50.427985,5.09756,0.57863,2.94960,5.90000,114.15463,5.07824,0.58937,2.99298,5.99000,115.32007,0.00000,0.00000,0.00000,0.00000,0.00000,0.00000,0.00000,0.00000,0.00000,0.00000,5.94258,229.47470
idle,1783317890.928039,2026-07-06T13:04:50.928039,5.09756,0.57863,2.94960,5.90000,115.62958,5.07824,0.58937,2.99298,5.99000,116.81672,0.00000,0.00000,0.00000,0.00000,0.00000,0.00000,0.00000,0.00000,0.00000,0.00000,5.94258,232.44631
idle,1783317891.428092,2026-07-06T13:04:51.428092,5.09756,0.57863,2.94960,5.90000,117.10454,5.07824,0.58937,2.99298,5.99000,118.31337,0.00000,0.00000,0.00000,0.00000,0.00000,0.00000,0.00000,0.00000,0.00000,0.00000,5.94258,235.41792
idle,1783317891.928146,2026-07-06T13:04:51.928146,5.09756,0.57863,2.94960,5.90000,118.57950,5.07824,0.58937,2.99298,5.99000,119.81002,0.00000,0.00000,0.00000,0.00000,0.00000,0.00000,0.00000,0.00000,0.00000,0.00000,5.94258,238.38952
idle,1783317892.428200,2026-07-06T13:04:52.428200,5.09756,0.57863,2.94960,5.90000,120.05446,5.07824,0.58937,2.99298,5.99000,121.30667,0.00000,0.00000,0.00000,0.00000,0.00000,0.00000,0.00000,0.00000,0.00000,0.00000,5.94258,241.36113
idle,1783317892.928253,2026-07-06T13:04:52.928253,5.09756,0.57863,2.94960,5.90000,121.52942,5.08224,0.58937,2.99534,5.99000,122.80450,0.00000,0.00000,0.00000,0.00000,0.00000,0.00000,0.00000,0.00000,0.00000,0.00000,5.94494,244.33392
idle,1783317893.428306,2026-07-06T13:04:53.428306,5.09756,0.57863,2.94960,5.90000,123.00437,5.07424,0.58937,2.99062,5.99000,124.29997,0.00000,0.00000,0.00000,0.00000,0.00000,0.00000,0.00000,0.00000,0.00000,0.00000,5.94022,247.30435
idle,1783317893.928360,2026-07-06T13:04:53.928360,5.09756,0.57863,2.94960,5.90000,124.47933,5.07824,0.58937,2.99298,5.99000,125.79662,0.00000,0.00000,0.00000,0.00000,0.00000,0.00000,0.00000,0.00000,0.00000,0.00000,5.94258,250.27596
idle,1783317894.428414,2026-07-06T13:04:54.428414,5.09761,0.57765,2.94466,5.89000,125.95182,5.07820,0.59035,2.99791,6.00000,127.29574,0.00000,0.00000,0.00000,0.00000,0.00000,0.00000,0.00000,0.00000,0.00000,0.00000,5.94257,253.24756
idle,1783317894.928468,2026-07-06T13:04:54.928468,5.09761,0.57765,2.94466,5.89000,127.42431,5.07824,0.58937,2.99298,5.99000,128.79239,0.00000,0.00000,0.00000,0.00000,0.00000,0.00000,0.00000,0.00000,0.00000,0.00000,5.93764,256.21671
idle,1783317895.428521,2026-07-06T13:04:55.428521,5.09756,0.57863,2.94960,5.90000,128.89927,5.07824,0.58937,2.99298,5.99000,130.28904,0.00000,0.00000,0.00000,0.00000,0.00000,0.00000,0.00000,0.00000,0.00000,0.00000,5.94258,259.18831
idle,1783317895.928576,2026-07-06T13:04:55.928576,5.09761,0.57765,2.94466,5.89000,130.37176,5.07824,0.58937,2.99298,5.99000,131.78570,0.00000,0.00000,0.00000,0.00000,0.00000,0.00000,0.00000,0.00000,0.00000,0.00000,5.93764,262.15745
idle,1783317896.428629,2026-07-06T13:04:56.428629,5.09756,0.57863,2.94960,5.90000,131.84672,5.07424,0.58937,2.99062,5.99000,133.28116,0.00000,0.00000,0.00000,0.00000,0.00000,0.00000,0.00000,0.00000,0.00000,0.00000,5.94022,265.12788
idle,1783317896.928683,2026-07-06T13:04:56.928683,5.09761,0.57765,2.94466,5.89000,133.31920,5.07420,0.59035,2.99555,6.00000,134.77910,0.00000,0.00000,0.00000,0.00000,0.00000,0.00000,0.00000,0.00000,0.00000,0.00000,5.94021,268.09831
idle,1783317897.428737,2026-07-06T13:04:57.428737,5.09761,0.57765,2.94466,5.89000,134.79169,5.07824,0.58937,2.99298,5.99000,136.27575,0.00000,0.00000,0.00000,0.00000,0.00000,0.00000,0.00000,0.00000,0.00000,0.00000,5.93764,271.06745
idle,1783317897.928791,2026-07-06T13:04:57.928791,5.09761,0.57765,2.94466,5.89000,136.26418,5.07424,0.58937,2.99062,5.99000,137.77122,0.00000,0.00000,0.00000,0.00000,0.00000,0.00000,0.00000,0.00000,0.00000,0.00000,5.93528,274.03540
idle,1783317898.428843,2026-07-06T13:04:58.428843,5.09761,0.57765,2.94466,5.89000,137.73667,5.07424,0.58937,2.99062,5.99000,139.26669,0.00000,0.00000,0.00000,0.00000,0.00000,0.00000,0.00000,0.00000,0.00000,0.00000,5.93528,277.00336
idle,1783317898.928898,2026-07-06T13:04:58.928898,5.09761,0.57765,2.94466,5.89000,139.20916,5.07824,0.58937,2.99298,5.99000,140.76334,0.00000,0.00000,0.00000,0.00000,0.00000,0.00000,0.00000,0.00000,0.00000,0.00000,5.93764,279.97250
idle,1783317899.428953,2026-07-06T13:04:59.428953,5.09756,0.57863,2.94960,5.90000,140.68412,5.07420,0.59035,2.99555,6.00000,142.26128,0.00000,0.00000,0.00000,0.00000,0.00000,0.00000,0.00000,0.00000,0.00000,0.00000,5.94515,282.94540
idle,1783317899.929007,2026-07-06T13:04:59.929007,5.09761,0.57765,2.94466,5.89000,142.15661,5.07824,0.58937,2.99298,5.99000,143.75794,0.00000,0.00000,0.00000,0.00000,0.00000,0.00000,0.00000,0.00000,0.00000,0.00000,5.93764,285.91454
idle,1783317900.429062,2026-07-06T13:05:00.429062,5.09761,0.57765,2.94466,5.89000,143.62910,5.07424,0.58937,2.99062,5.99000,145.25341,0.00000,0.00000,0.00000,0.00000,0.00000,0.00000,0.00000,0.00000,0.00000,0.00000,5.93528,288.88251
idle,1783317900.929116,2026-07-06T13:05:00.929116,5.09761,0.57765,2.94466,5.89000,145.10159,5.07824,0.58937,2.99298,5.99000,146.75006,0.00000,0.00000,0.00000,0.00000,0.00000,0.00000,0.00000,0.00000,0.00000,0.00000,5.93764,291.85165
idle,1783317901.429170,2026-07-06T13:05:01.429170,5.09761,0.57765,2.94466,5.89000,146.57408,5.08224,0.58937,2.99534,5.99000,148.24789,0.00000,0.00000,0.00000,0.00000,0.00000,0.00000,0.00000,0.00000,0.00000,0.00000,5.94000,294.82197
idle,1783317901.929246,2026-07-06T13:05:01.929246,5.09761,0.57765,2.94466,5.89000,148.04663,5.07424,0.58937,2.99062,5.99000,149.74343,0.00000,0.00000,0.00000,0.00000,0.00000,0.00000,0.00000,0.00000,0.00000,0.00000,5.93528,297.79006
idle,1783317902.429300,2026-07-06T13:05:02.429300,5.09761,0.57765,2.94466,5.89000,149.51912,5.07824,0.58937,2.99298,5.99000,151.24008,0.00000,0.00000,0.00000,0.00000,0.00000,0.00000,0.00000,0.00000,0.00000,0.00000,5.93764,300.75920
idle,1783317902.929356,2026-07-06T13:05:02.929356,5.09761,0.57765,2.94466,5.89000,150.99162,5.07424,0.58937,2.99062,5.99000,152.73556,0.00000,0.00000,0.00000,0.00000,0.00000,0.00000,0.00000,0.00000,0.00000,0.00000,5.93528,303.72718
idle,1783317903.429414,2026-07-06T13:05:03.429414,5.09761,0.57765,2.94466,5.89000,152.46412,5.07820,0.59035,2.99791,6.00000,154.23469,0.00000,0.00000,0.00000,0.00000,0.00000,0.00000,0.00000,0.00000,0.00000,0.00000,5.94257,306.69880
idle,1783317903.929468,2026-07-06T13:05:03.929468,5.09761,0.57765,2.94466,5.89000,153.93661,5.07824,0.58937,2.99298,5.99000,155.73134,0.00000,0.00000,0.00000,0.00000,0.00000,0.00000,0.00000,0.00000,0.00000,0.00000,5.93764,309.66795
idle,1783317904.429524,2026-07-06T13:05:04.429524,5.09761,0.57765,2.94466,5.89000,155.40910,5.07824,0.58937,2.99298,5.99000,157.22800,0.00000,0.00000,0.00000,0.00000,0.00000,0.00000,0.00000,0.00000,0.00000,0.00000,5.93764,312.63710
idle,1783317904.929582,2026-07-06T13:05:04.929582,5.09761,0.57765,2.94466,5.89000,156.88160,5.07824,0.58937,2.99298,5.99000,158.72466,0.00000,0.00000,0.00000,0.00000,0.00000,0.00000,0.00000,0.00000,0.00000,0.00000,5.93764,315.60626
idle,1783317905.429638,2026-07-06T13:05:05.429638,5.09761,0.57765,2.94466,5.89000,158.35410,5.07424,0.58937,2.99062,5.99000,160.22014,0.00000,0.00000,0.00000,0.00000,0.00000,0.00000,0.00000,0.00000,0.00000,0.00000,5.93528,318.57424
idle,1783317905.929693,2026-07-06T13:05:05.929693,5.09766,0.57668,2.93971,5.88000,159.82411,5.07820,0.59035,2.99791,6.00000,161.71926,0.00000,0.00000,0.00000,0.00000,0.00000,0.00000,0.00000,0.00000,0.00000,0.00000,5.93762,321.54337
idle,1783317906.429747,2026-07-06T13:05:06.429747,5.09756,0.57863,2.94960,5.90000,161.29907,5.07824,0.58937,2.99298,5.99000,163.21591,0.00000,0.00000,0.00000,0.00000,0.00000,0.00000,0.00000,0.00000,0.00000,0.00000,5.94258,324.51498
idle,1783317906.929826,2026-07-06T13:05:06.929826,5.09761,0.57765,2.94466,5.89000,162.77163,5.07420,0.59035,2.99555,6.00000,164.71392,0.00000,0.00000,0.00000,0.00000,0.00000,0.00000,0.00000,0.00000,0.00000,0.00000,5.94021,327.48555
idle,1783317907.429878,2026-07-06T13:05:07.429878,5.09761,0.57765,2.94466,5.89000,164.24412,5.07424,0.58937,2.99062,5.99000,166.20939,0.00000,0.00000,0.00000,0.00000,0.00000,0.00000,0.00000,0.00000,0.00000,0.00000,5.93528,330.45351
idle,1783317907.929932,2026-07-06T13:05:07.929932,5.09761,0.57765,2.94466,5.89000,165.71661,5.07424,0.58937,2.99062,5.99000,167.70486,0.00000,0.00000,0.00000,0.00000,0.00000,0.00000,0.00000,0.00000,0.00000,0.00000,5.93528,333.42147
idle,1783317908.429985,2026-07-06T13:05:08.429985,5.09766,0.57668,2.93971,5.88000,167.18662,5.07820,0.59035,2.99791,6.00000,169.20397,0.00000,0.00000,0.00000,0.00000,0.00000,0.00000,0.00000,0.00000,0.00000,0.00000,5.93762,336.39059
idle,1783317908.930039,2026-07-06T13:05:08.930039,5.09766,0.57668,2.93971,5.88000,168.65663,5.07824,0.58937,2.99298,5.99000,170.70063,0.00000,0.00000,0.00000,0.00000,0.00000,0.00000,0.00000,0.00000,0.00000,0.00000,5.93269,339.35726
idle,1783317909.430092,2026-07-06T13:05:09.430092,5.09766,0.57668,2.93971,5.88000,170.12664,5.07824,0.58937,2.99298,5.99000,172.19727,0.00000,0.00000,0.00000,0.00000,0.00000,0.00000,0.00000,0.00000,0.00000,0.00000,5.93269,342.32392
idle,1783317909.930146,2026-07-06T13:05:09.930146,5.09756,0.57863,2.94960,5.90000,171.60160,5.07824,0.58937,2.99298,5.99000,173.69393,0.00000,0.00000,0.00000,0.00000,0.00000,0.00000,0.00000,0.00000,0.00000,0.00000,5.94258,345.29553
idle,1783317910.430200,2026-07-06T13:05:10.430200,5.09766,0.57668,2.93971,5.88000,173.07162,5.07820,0.59035,2.99791,6.00000,175.19304,0.00000,0.00000,0.00000,0.00000,0.00000,0.00000,0.00000,0.00000,0.00000,0.00000,5.93762,348.26466
idle,1783317910.930254,2026-07-06T13:05:10.930254,5.09766,0.57668,2.93971,5.88000,174.54163,5.07424,0.58937,2.99062,5.99000,176.68851,0.00000,0.00000,0.00000,0.00000,0.00000,0.00000,0.00000,0.00000,0.00000,0.00000,5.93033,351.23014
idle,1783317911.430308,2026-07-06T13:05:11.430308,5.09761,0.57765,2.94466,5.89000,176.01412,5.07820,0.59035,2.99791,6.00000,178.18763,0.00000,0.00000,0.00000,0.00000,0.00000,0.00000,0.00000,0.00000,0.00000,0.00000,5.94257,354.20175
idle,1783317911.930362,2026-07-06T13:05:11.930362,5.09766,0.57668,2.93971,5.88000,177.48413,5.07824,0.58937,2.99298,5.99000,179.68428,0.00000,0.00000,0.00000,0.00000,0.00000,0.00000,0.00000,0.00000,0.00000,0.00000,5.93269,357.16841
